{"num_epochs": 100, "loss": [2.002565860748291, 1.9801898002624512, 1.9579864740371704, 1.9142965078353882, 1.8831171989440918, 1.879767656326294, 1.8536736965179443, 1.8478955030441284, 1.813836932182312, 1.810410976409912, 1.8089063167572021, 1.7966594696044922, 1.8163219690322876, 1.7964067459106445, 1.8011212348937988, 1.8038407564163208, 1.7990031242370605, 1.806994080543518, 1.7776262760162354, 1.7809680700302124, 1.7638527154922485, 1.7428362369537354, 1.745023488998413, 1.7757874727249146, 1.762738585472107, 1.773661732673645, 1.7819849252700806, 1.7695261240005493, 1.7848244905471802, 1.7541701793670654, 1.749314546585083, 1.7404474020004272, 1.7475006580352783, 1.7552752494812012, 1.7183756828308105, 1.7287461757659912, 1.7382957935333252, 1.743126392364502, 1.7162456512451172, 1.6967699527740479, 1.6926194429397583, 1.684127926826477, 1.72077214717865, 1.7166119813919067, 1.7313719987869263, 1.7001725435256958, 1.707571268081665, 1.6934559345245361, 1.6950331926345825, 1.7401633262634277, 1.7063007354736328, 1.6877316236495972, 1.6805663108825684, 1.731968641281128, 1.6876649856567383, 1.7342243194580078, 1.682901382446289, 1.6746543645858765, 1.6767780780792236, 1.677997350692749, 1.6860733032226562, 1.6633949279785156, 1.678692102432251, 1.6617838144302368, 1.6643807888031006, 1.6803187131881714, 1.6915667057037354, 1.6767792701721191, 1.6702882051467896, 1.670007586479187, 1.6616252660751343, 1.6986879110336304, 1.6839629411697388, 1.7244112491607666, 1.659401774406433, 1.6652882099151611, 1.6518914699554443, 1.6299716234207153, 1.6431602239608765, 1.6768980026245117, 1.6644136905670166, 1.6217896938323975, 1.6410846710205078, 1.6283237934112549, 1.6573865413665771, 1.6699905395507812, 1.6467183828353882, 1.6206132173538208, 1.6590640544891357, 1.6735024452209473, 1.6360077857971191, 1.642865538597107, 1.639365315437317, 1.6072789430618286, 1.6879466772079468, 1.6369401216506958, 1.637649655342102, 1.6375470161437988, 1.656755805015564, 1.5857717990875244], "time_train [min]": 139.5157691558202, "accuracy": null, "sample_size": 200}