{"num_epochs": 50, "loss": [1.5436409711837769, 1.56920325756073, 1.5481356382369995, 1.5273518562316895, 1.5225485563278198, 1.5292209386825562, 1.5579463243484497, 1.5586780309677124, 1.5257304906845093, 1.5234912633895874, 1.4448738098144531, 1.487972617149353, 1.4757670164108276, 1.4629541635513306, 1.4076557159423828, 1.3741995096206665, 1.373806118965149, 1.3490618467330933, 1.351706624031067, 1.3377403020858765, 1.3696746826171875, 1.4051874876022339, 1.3405952453613281, 1.342769980430603, 1.3081778287887573, 1.321097731590271, 1.3075392246246338, 1.3177398443222046, 1.2945687770843506, 1.3076468706130981, 1.278713583946228, 1.3426399230957031, 1.351475715637207, 1.33230459690094, 1.3100632429122925, 1.32797372341156, 1.3023313283920288, 1.2544162273406982, 1.3057924509048462, 1.2709102630615234, 1.3413448333740234, 1.302572250366211, 1.2929257154464722, 1.3164869546890259, 1.2953206300735474, 1.281084656715393, 1.2899852991104126, 1.3135900497436523, 1.2997232675552368, 1.364535927772522], "time_train [min]": 85.62939476966858, "accuracy": null, "sample_size": 300}