{"num_epochs": 1, "loss": [2.3865599632263184], "time_train [min]": 0.7134919365247091, "accuracy": null, "sample_size": 1}